"filename", "language", "JSON", "Vue", "TypeScript", "SCSS", "JavaScript", "JSON with Comments", "Markdown", "HTML", "YAML", "XML", "comment", "blank", "total"
"/Users/wengxiaoqing/Documents/GitHub/gas-supervise/README.md", "Markdown", 0, 0, 0, 0, 0, 0, 8, 0, 0, 0, 0, 1, 9
"/Users/wengxiaoqing/Documents/GitHub/gas-supervise/components.d.ts", "TypeScript", 0, 0, 12, 0, 0, 0, 0, 0, 0, 0, 5, 2, 19
"/Users/wengxiaoqing/Documents/GitHub/gas-supervise/index.html", "HTML", 0, 0, 0, 0, 0, 0, 0, 18, 0, 0, 2, 1, 21
"/Users/wengxiaoqing/Documents/GitHub/gas-supervise/package.json", "JSON", 74, 0, 0, 0, 0, 0, 0, 0, 0, 0, 0, 1, 75
"/Users/wengxiaoqing/Documents/GitHub/gas-supervise/pnpm-lock.yaml", "YAML", 0, 0, 0, 0, 0, 0, 0, 0, 5788, 0, 0, 779, 6567
"/Users/wengxiaoqing/Documents/GitHub/gas-supervise/project.config.json", "JSON", 29, 0, 0, 0, 0, 0, 0, 0, 0, 0, 0, 0, 29
"/Users/wengxiaoqing/Documents/GitHub/gas-supervise/project.private.config.json", "JSON", 8, 0, 0, 0, 0, 0, 0, 0, 0, 0, 0, 0, 8
"/Users/wengxiaoqing/Documents/GitHub/gas-supervise/src/App.vue", "Vue", 0, 55, 0, 0, 0, 0, 0, 0, 0, 0, 4, 8, 67
"/Users/wengxiaoqing/Documents/GitHub/gas-supervise/src/api/dic.ts", "TypeScript", 0, 0, 31, 0, 0, 0, 0, 0, 0, 0, 10, 5, 46
"/Users/wengxiaoqing/Documents/GitHub/gas-supervise/src/api/hidden.ts", "TypeScript", 0, 0, 248, 0, 0, 0, 0, 0, 0, 0, 62, 44, 354
"/Users/wengxiaoqing/Documents/GitHub/gas-supervise/src/api/img.ts", "TypeScript", 0, 0, 7, 0, 0, 0, 0, 0, 0, 0, 5, 0, 12
"/Users/wengxiaoqing/Documents/GitHub/gas-supervise/src/api/request.ts", "TypeScript", 0, 0, 59, 0, 0, 0, 0, 0, 0, 0, 4, 8, 71
"/Users/wengxiaoqing/Documents/GitHub/gas-supervise/src/api/uaa.ts", "TypeScript", 0, 0, 36, 0, 0, 0, 0, 0, 0, 0, 17, 5, 58
"/Users/wengxiaoqing/Documents/GitHub/gas-supervise/src/components/check-group/check-group.vue", "Vue", 0, 118, 0, 0, 0, 0, 0, 0, 0, 0, 9, 21, 148
"/Users/wengxiaoqing/Documents/GitHub/gas-supervise/src/components/check/check.vue", "Vue", 0, 87, 0, 0, 0, 0, 0, 0, 0, 0, 0, 6, 93
"/Users/wengxiaoqing/Documents/GitHub/gas-supervise/src/components/hidden/hidden.vue", "Vue", 0, 153, 0, 0, 0, 0, 0, 0, 0, 0, 2, 15, 170
"/Users/wengxiaoqing/Documents/GitHub/gas-supervise/src/components/notice/notice.vue", "Vue", 0, 117, 0, 0, 0, 0, 0, 0, 0, 0, 3, 10, 130
"/Users/wengxiaoqing/Documents/GitHub/gas-supervise/src/components/region-img/region-img.vue", "Vue", 0, 45, 0, 0, 0, 0, 0, 0, 0, 0, 0, 2, 47
"/Users/wengxiaoqing/Documents/GitHub/gas-supervise/src/components/router-tab/router-tab.vue", "Vue", 0, 86, 0, 0, 0, 0, 0, 0, 0, 0, 0, 4, 90
"/Users/wengxiaoqing/Documents/GitHub/gas-supervise/src/components/type-tab/type-tab.vue", "Vue", 0, 103, 0, 0, 0, 0, 0, 0, 0, 0, 0, 11, 114
"/Users/wengxiaoqing/Documents/GitHub/gas-supervise/src/components/van-cascader-new/van-cascader-new.vue", "Vue", 0, 70, 0, 0, 0, 0, 0, 0, 0, 0, 0, 9, 79
"/Users/wengxiaoqing/Documents/GitHub/gas-supervise/src/components/van-picker-new/van-picker-new.vue", "Vue", 0, 82, 0, 0, 0, 0, 0, 0, 0, 0, 0, 7, 89
"/Users/wengxiaoqing/Documents/GitHub/gas-supervise/src/components/van-uploader-new/van-uploader-new.vue", "Vue", 0, 78, 0, 0, 0, 0, 0, 0, 0, 0, 1, 9, 88
"/Users/wengxiaoqing/Documents/GitHub/gas-supervise/src/env.d.ts", "TypeScript", 0, 0, 5, 0, 0, 0, 0, 0, 0, 0, 2, 2, 9
"/Users/wengxiaoqing/Documents/GitHub/gas-supervise/src/hooks/index.ts", "TypeScript", 0, 0, 12, 0, 0, 0, 0, 0, 0, 0, 0, 4, 16
"/Users/wengxiaoqing/Documents/GitHub/gas-supervise/src/main.ts", "TypeScript", 0, 0, 11, 0, 0, 0, 0, 0, 0, 0, 0, 2, 13
"/Users/wengxiaoqing/Documents/GitHub/gas-supervise/src/manifest.json", "JSON", 70, 0, 0, 0, 0, 0, 0, 0, 0, 0, 8, 1, 79
"/Users/wengxiaoqing/Documents/GitHub/gas-supervise/src/pages.json", "JSON", 111, 0, 0, 0, 0, 0, 0, 0, 0, 0, 1, 4, 116
"/Users/wengxiaoqing/Documents/GitHub/gas-supervise/src/pages/addCheck/index.vue", "Vue", 0, 118, 0, 0, 0, 0, 0, 0, 0, 0, 11, 9, 138
"/Users/wengxiaoqing/Documents/GitHub/gas-supervise/src/pages/check/index.vue", "Vue", 0, 82, 0, 0, 0, 0, 0, 0, 0, 0, 2, 6, 90
"/Users/wengxiaoqing/Documents/GitHub/gas-supervise/src/pages/hidden/index.vue", "Vue", 0, 140, 0, 0, 0, 0, 0, 0, 0, 0, 16, 23, 179
"/Users/wengxiaoqing/Documents/GitHub/gas-supervise/src/pages/hiddenDetail/index.vue", "Vue", 0, 155, 0, 0, 0, 0, 0, 0, 0, 0, 0, 11, 166
"/Users/wengxiaoqing/Documents/GitHub/gas-supervise/src/pages/hiddenReform/index.vue", "Vue", 0, 84, 0, 0, 0, 0, 0, 0, 0, 0, 0, 15, 99
"/Users/wengxiaoqing/Documents/GitHub/gas-supervise/src/pages/hiddenReport/index.vue", "Vue", 0, 128, 0, 0, 0, 0, 0, 0, 0, 0, 9, 20, 157
"/Users/wengxiaoqing/Documents/GitHub/gas-supervise/src/pages/index/index.vue", "Vue", 0, 154, 0, 0, 0, 0, 0, 0, 0, 0, 4, 12, 170
"/Users/wengxiaoqing/Documents/GitHub/gas-supervise/src/pages/login/index.vue", "Vue", 0, 133, 0, 0, 0, 0, 0, 0, 0, 0, 0, 20, 153
"/Users/wengxiaoqing/Documents/GitHub/gas-supervise/src/pages/notice/index.vue", "Vue", 0, 11, 0, 0, 0, 0, 0, 0, 0, 0, 0, 0, 11
"/Users/wengxiaoqing/Documents/GitHub/gas-supervise/src/pages/user/index.vue", "Vue", 0, 63, 0, 0, 0, 0, 0, 0, 0, 0, 0, 25, 88
"/Users/wengxiaoqing/Documents/GitHub/gas-supervise/src/shime-uni.d.ts", "TypeScript", 0, 0, 5, 0, 0, 0, 0, 0, 0, 0, 0, 1, 6
"/Users/wengxiaoqing/Documents/GitHub/gas-supervise/src/state/index.ts", "TypeScript", 0, 0, 100, 0, 0, 0, 0, 0, 0, 0, 13, 10, 123
"/Users/wengxiaoqing/Documents/GitHub/gas-supervise/src/uni.scss", "SCSS", 0, 0, 0, 57, 0, 0, 0, 0, 0, 0, 26, 19, 102
"/Users/wengxiaoqing/Documents/GitHub/gas-supervise/src/utils/WSCoordinate.js", "JavaScript", 0, 0, 0, 0, 108, 0, 0, 0, 0, 0, 16, 24, 148
"/Users/wengxiaoqing/Documents/GitHub/gas-supervise/src/utils/cache/index.ts", "TypeScript", 0, 0, 14, 0, 0, 0, 0, 0, 0, 0, 0, 7, 21
"/Users/wengxiaoqing/Documents/GitHub/gas-supervise/src/utils/cache/storageCache.ts", "TypeScript", 0, 0, 31, 0, 0, 0, 0, 0, 0, 0, 8, 11, 50
"/Users/wengxiaoqing/Documents/GitHub/gas-supervise/src/utils/index.ts", "TypeScript", 0, 0, 22, 0, 0, 0, 0, 0, 0, 0, 0, 2, 24
"/Users/wengxiaoqing/Documents/GitHub/gas-supervise/src/utils/qqMapUtil.ts", "TypeScript", 0, 0, 79, 0, 0, 0, 0, 0, 0, 0, 3, 15, 97
"/Users/wengxiaoqing/Documents/GitHub/gas-supervise/src/utils/qqmap-wx-jssdk.js", "JavaScript", 0, 0, 0, 0, 873, 0, 0, 0, 0, 0, 176, 72, 1121
"/Users/wengxiaoqing/Documents/GitHub/gas-supervise/src/wxcomponents/vant/action-sheet/index.d.ts", "TypeScript", 0, 0, 1, 0, 0, 0, 0, 0, 0, 0, 0, 1, 2
"/Users/wengxiaoqing/Documents/GitHub/gas-supervise/src/wxcomponents/vant/action-sheet/index.js", "JavaScript", 0, 0, 0, 0, 71, 0, 0, 0, 0, 0, 0, 1, 72
"/Users/wengxiaoqing/Documents/GitHub/gas-supervise/src/wxcomponents/vant/action-sheet/index.json", "JSON", 8, 0, 0, 0, 0, 0, 0, 0, 0, 0, 0, 1, 9
"/Users/wengxiaoqing/Documents/GitHub/gas-supervise/src/wxcomponents/vant/area/index.d.ts", "TypeScript", 0, 0, 1, 0, 0, 0, 0, 0, 0, 0, 0, 1, 2
"/Users/wengxiaoqing/Documents/GitHub/gas-supervise/src/wxcomponents/vant/area/index.js", "JavaScript", 0, 0, 0, 0, 217, 0, 0, 0, 0, 0, 3, 1, 221
"/Users/wengxiaoqing/Documents/GitHub/gas-supervise/src/wxcomponents/vant/area/index.json", "JSON", 6, 0, 0, 0, 0, 0, 0, 0, 0, 0, 0, 1, 7
"/Users/wengxiaoqing/Documents/GitHub/gas-supervise/src/wxcomponents/vant/area/index.wxs", "XML", 0, 0, 0, 0, 0, 0, 0, 0, 0, 7, 0, 2, 9
"/Users/wengxiaoqing/Documents/GitHub/gas-supervise/src/wxcomponents/vant/button/index.d.ts", "TypeScript", 0, 0, 1, 0, 0, 0, 0, 0, 0, 0, 0, 1, 2
"/Users/wengxiaoqing/Documents/GitHub/gas-supervise/src/wxcomponents/vant/button/index.js", "JavaScript", 0, 0, 0, 0, 64, 0, 0, 0, 0, 0, 0, 1, 65
"/Users/wengxiaoqing/Documents/GitHub/gas-supervise/src/wxcomponents/vant/button/index.json", "JSON", 7, 0, 0, 0, 0, 0, 0, 0, 0, 0, 0, 1, 8
"/Users/wengxiaoqing/Documents/GitHub/gas-supervise/src/wxcomponents/vant/button/index.wxs", "XML", 0, 0, 0, 0, 0, 0, 0, 0, 0, 31, 0, 9, 40
"/Users/wengxiaoqing/Documents/GitHub/gas-supervise/src/wxcomponents/vant/calendar/components/header/index.d.ts", "TypeScript", 0, 0, 1, 0, 0, 0, 0, 0, 0, 0, 0, 1, 2
"/Users/wengxiaoqing/Documents/GitHub/gas-supervise/src/wxcomponents/vant/calendar/components/header/index.js", "JavaScript", 0, 0, 0, 0, 37, 0, 0, 0, 0, 0, 0, 1, 38
"/Users/wengxiaoqing/Documents/GitHub/gas-supervise/src/wxcomponents/vant/calendar/components/header/index.json", "JSON", 3, 0, 0, 0, 0, 0, 0, 0, 0, 0, 0, 1, 4
"/Users/wengxiaoqing/Documents/GitHub/gas-supervise/src/wxcomponents/vant/calendar/components/month/index.d.ts", "TypeScript", 0, 0, 6, 0, 0, 0, 0, 0, 0, 0, 0, 1, 7
"/Users/wengxiaoqing/Documents/GitHub/gas-supervise/src/wxcomponents/vant/calendar/components/month/index.js", "JavaScript", 0, 0, 0, 0, 153, 0, 0, 0, 0, 0, 1, 1, 155
"/Users/wengxiaoqing/Documents/GitHub/gas-supervise/src/wxcomponents/vant/calendar/components/month/index.json", "JSON", 3, 0, 0, 0, 0, 0, 0, 0, 0, 0, 0, 1, 4
"/Users/wengxiaoqing/Documents/GitHub/gas-supervise/src/wxcomponents/vant/calendar/components/month/index.wxs", "XML", 0, 0, 0, 0, 0, 0, 0, 0, 0, 59, 0, 13, 72
"/Users/wengxiaoqing/Documents/GitHub/gas-supervise/src/wxcomponents/vant/calendar/index.d.ts", "TypeScript", 0, 0, 1, 0, 0, 0, 0, 0, 0, 0, 0, 1, 2
"/Users/wengxiaoqing/Documents/GitHub/gas-supervise/src/wxcomponents/vant/calendar/index.js", "JavaScript", 0, 0, 0, 0, 334, 0, 0, 0, 0, 0, 8, 1, 343
"/Users/wengxiaoqing/Documents/GitHub/gas-supervise/src/wxcomponents/vant/calendar/index.json", "JSON", 10, 0, 0, 0, 0, 0, 0, 0, 0, 0, 0, 1, 11
"/Users/wengxiaoqing/Documents/GitHub/gas-supervise/src/wxcomponents/vant/calendar/index.wxs", "XML", 0, 0, 0, 0, 0, 0, 0, 0, 0, 28, 0, 10, 38
"/Users/wengxiaoqing/Documents/GitHub/gas-supervise/src/wxcomponents/vant/calendar/utils.d.ts", "TypeScript", 0, 0, 12, 0, 0, 0, 0, 0, 0, 0, 0, 1, 13
"/Users/wengxiaoqing/Documents/GitHub/gas-supervise/src/wxcomponents/vant/calendar/utils.js", "JavaScript", 0, 0, 0, 0, 83, 0, 0, 0, 0, 0, 0, 1, 84
"/Users/wengxiaoqing/Documents/GitHub/gas-supervise/src/wxcomponents/vant/calendar/utils.wxs", "XML", 0, 0, 0, 0, 0, 0, 0, 0, 0, 20, 0, 6, 26
"/Users/wengxiaoqing/Documents/GitHub/gas-supervise/src/wxcomponents/vant/card/index.d.ts", "TypeScript", 0, 0, 1, 0, 0, 0, 0, 0, 0, 0, 0, 1, 2
"/Users/wengxiaoqing/Documents/GitHub/gas-supervise/src/wxcomponents/vant/card/index.js", "JavaScript", 0, 0, 0, 0, 49, 0, 0, 0, 0, 0, 0, 1, 50
"/Users/wengxiaoqing/Documents/GitHub/gas-supervise/src/wxcomponents/vant/card/index.json", "JSON", 6, 0, 0, 0, 0, 0, 0, 0, 0, 0, 0, 1, 7
"/Users/wengxiaoqing/Documents/GitHub/gas-supervise/src/wxcomponents/vant/cascader/index.d.ts", "TypeScript", 0, 0, 1, 0, 0, 0, 0, 0, 0, 0, 0, 1, 2
"/Users/wengxiaoqing/Documents/GitHub/gas-supervise/src/wxcomponents/vant/cascader/index.js", "JavaScript", 0, 0, 0, 0, 207, 0, 0, 0, 0, 0, 1, 1, 209
"/Users/wengxiaoqing/Documents/GitHub/gas-supervise/src/wxcomponents/vant/cascader/index.json", "JSON", 8, 0, 0, 0, 0, 0, 0, 0, 0, 0, 0, 0, 8
"/Users/wengxiaoqing/Documents/GitHub/gas-supervise/src/wxcomponents/vant/cascader/index.wxs", "XML", 0, 0, 0, 0, 0, 0, 0, 0, 0, 19, 0, 5, 24
"/Users/wengxiaoqing/Documents/GitHub/gas-supervise/src/wxcomponents/vant/cell-group/index.d.ts", "TypeScript", 0, 0, 1, 0, 0, 0, 0, 0, 0, 0, 0, 1, 2
"/Users/wengxiaoqing/Documents/GitHub/gas-supervise/src/wxcomponents/vant/cell-group/index.js", "JavaScript", 0, 0, 0, 0, 11, 0, 0, 0, 0, 0, 0, 1, 12
"/Users/wengxiaoqing/Documents/GitHub/gas-supervise/src/wxcomponents/vant/cell-group/index.json", "JSON", 3, 0, 0, 0, 0, 0, 0, 0, 0, 0, 0, 1, 4
"/Users/wengxiaoqing/Documents/GitHub/gas-supervise/src/wxcomponents/vant/cell/index.d.ts", "TypeScript", 0, 0, 1, 0, 0, 0, 0, 0, 0, 0, 0, 1, 2
"/Users/wengxiaoqing/Documents/GitHub/gas-supervise/src/wxcomponents/vant/cell/index.js", "JavaScript", 0, 0, 0, 0, 38, 0, 0, 0, 0, 0, 0, 1, 39
"/Users/wengxiaoqing/Documents/GitHub/gas-supervise/src/wxcomponents/vant/cell/index.json", "JSON", 6, 0, 0, 0, 0, 0, 0, 0, 0, 0, 0, 1, 7
"/Users/wengxiaoqing/Documents/GitHub/gas-supervise/src/wxcomponents/vant/cell/index.wxs", "XML", 0, 0, 0, 0, 0, 0, 0, 0, 0, 15, 0, 3, 18
"/Users/wengxiaoqing/Documents/GitHub/gas-supervise/src/wxcomponents/vant/checkbox-group/index.d.ts", "TypeScript", 0, 0, 1, 0, 0, 0, 0, 0, 0, 0, 0, 1, 2
"/Users/wengxiaoqing/Documents/GitHub/gas-supervise/src/wxcomponents/vant/checkbox-group/index.js", "JavaScript", 0, 0, 0, 0, 36, 0, 0, 0, 0, 0, 0, 1, 37
"/Users/wengxiaoqing/Documents/GitHub/gas-supervise/src/wxcomponents/vant/checkbox-group/index.json", "JSON", 3, 0, 0, 0, 0, 0, 0, 0, 0, 0, 0, 1, 4
"/Users/wengxiaoqing/Documents/GitHub/gas-supervise/src/wxcomponents/vant/checkbox/index.d.ts", "TypeScript", 0, 0, 1, 0, 0, 0, 0, 0, 0, 0, 0, 1, 2
"/Users/wengxiaoqing/Documents/GitHub/gas-supervise/src/wxcomponents/vant/checkbox/index.js", "JavaScript", 0, 0, 0, 0, 77, 0, 0, 0, 0, 0, 0, 1, 78
"/Users/wengxiaoqing/Documents/GitHub/gas-supervise/src/wxcomponents/vant/checkbox/index.json", "JSON", 6, 0, 0, 0, 0, 0, 0, 0, 0, 0, 0, 1, 7
"/Users/wengxiaoqing/Documents/GitHub/gas-supervise/src/wxcomponents/vant/checkbox/index.wxs", "XML", 0, 0, 0, 0, 0, 0, 0, 0, 0, 16, 0, 5, 21
"/Users/wengxiaoqing/Documents/GitHub/gas-supervise/src/wxcomponents/vant/circle/canvas.d.ts", "TypeScript", 0, 0, 3, 0, 0, 0, 0, 0, 0, 0, 1, 1, 5
"/Users/wengxiaoqing/Documents/GitHub/gas-supervise/src/wxcomponents/vant/circle/canvas.js", "JavaScript", 0, 0, 0, 0, 42, 0, 0, 0, 0, 0, 1, 1, 44
"/Users/wengxiaoqing/Documents/GitHub/gas-supervise/src/wxcomponents/vant/circle/index.d.ts", "TypeScript", 0, 0, 1, 0, 0, 0, 0, 0, 0, 0, 0, 1, 2
"/Users/wengxiaoqing/Documents/GitHub/gas-supervise/src/wxcomponents/vant/circle/index.js", "JavaScript", 0, 0, 0, 0, 191, 0, 0, 0, 0, 0, 2, 1, 194
"/Users/wengxiaoqing/Documents/GitHub/gas-supervise/src/wxcomponents/vant/circle/index.json", "JSON", 3, 0, 0, 0, 0, 0, 0, 0, 0, 0, 0, 1, 4
"/Users/wengxiaoqing/Documents/GitHub/gas-supervise/src/wxcomponents/vant/col/index.d.ts", "TypeScript", 0, 0, 1, 0, 0, 0, 0, 0, 0, 0, 0, 1, 2
"/Users/wengxiaoqing/Documents/GitHub/gas-supervise/src/wxcomponents/vant/col/index.js", "JavaScript", 0, 0, 0, 0, 9, 0, 0, 0, 0, 0, 0, 1, 10
"/Users/wengxiaoqing/Documents/GitHub/gas-supervise/src/wxcomponents/vant/col/index.json", "JSON", 3, 0, 0, 0, 0, 0, 0, 0, 0, 0, 0, 1, 4
"/Users/wengxiaoqing/Documents/GitHub/gas-supervise/src/wxcomponents/vant/col/index.wxs", "XML", 0, 0, 0, 0, 0, 0, 0, 0, 0, 15, 0, 4, 19
"/Users/wengxiaoqing/Documents/GitHub/gas-supervise/src/wxcomponents/vant/collapse-item/animate.d.ts", "TypeScript", 0, 0, 1, 0, 0, 0, 0, 0, 0, 0, 1, 1, 3
"/Users/wengxiaoqing/Documents/GitHub/gas-supervise/src/wxcomponents/vant/collapse-item/animate.js", "JavaScript", 0, 0, 0, 0, 39, 0, 0, 0, 0, 0, 0, 1, 40
"/Users/wengxiaoqing/Documents/GitHub/gas-supervise/src/wxcomponents/vant/collapse-item/index.d.ts", "TypeScript", 0, 0, 1, 0, 0, 0, 0, 0, 0, 0, 0, 1, 2
"/Users/wengxiaoqing/Documents/GitHub/gas-supervise/src/wxcomponents/vant/collapse-item/index.js", "JavaScript", 0, 0, 0, 0, 60, 0, 0, 0, 0, 0, 0, 1, 61
"/Users/wengxiaoqing/Documents/GitHub/gas-supervise/src/wxcomponents/vant/collapse-item/index.json", "JSON", 6, 0, 0, 0, 0, 0, 0, 0, 0, 0, 0, 1, 7
"/Users/wengxiaoqing/Documents/GitHub/gas-supervise/src/wxcomponents/vant/collapse/index.d.ts", "TypeScript", 0, 0, 1, 0, 0, 0, 0, 0, 0, 0, 0, 1, 2
"/Users/wengxiaoqing/Documents/GitHub/gas-supervise/src/wxcomponents/vant/collapse/index.js", "JavaScript", 0, 0, 0, 0, 46, 0, 0, 0, 0, 0, 0, 1, 47
"/Users/wengxiaoqing/Documents/GitHub/gas-supervise/src/wxcomponents/vant/collapse/index.json", "JSON", 3, 0, 0, 0, 0, 0, 0, 0, 0, 0, 0, 1, 4
"/Users/wengxiaoqing/Documents/GitHub/gas-supervise/src/wxcomponents/vant/common/color.d.ts", "TypeScript", 0, 0, 7, 0, 0, 0, 0, 0, 0, 0, 0, 1, 8
"/Users/wengxiaoqing/Documents/GitHub/gas-supervise/src/wxcomponents/vant/common/color.js", "JavaScript", 0, 0, 0, 0, 7, 0, 0, 0, 0, 0, 0, 1, 8
"/Users/wengxiaoqing/Documents/GitHub/gas-supervise/src/wxcomponents/vant/common/component.d.ts", "TypeScript", 0, 0, 3, 0, 0, 0, 0, 0, 0, 0, 1, 1, 5
"/Users/wengxiaoqing/Documents/GitHub/gas-supervise/src/wxcomponents/vant/common/component.js", "JavaScript", 0, 0, 0, 0, 41, 0, 0, 0, 0, 0, 5, 1, 47
"/Users/wengxiaoqing/Documents/GitHub/gas-supervise/src/wxcomponents/vant/common/relation.d.ts", "TypeScript", 0, 0, 14, 0, 0, 0, 0, 0, 0, 0, 1, 1, 16
"/Users/wengxiaoqing/Documents/GitHub/gas-supervise/src/wxcomponents/vant/common/relation.js", "JavaScript", 0, 0, 0, 0, 55, 0, 0, 0, 0, 0, 1, 1, 57
"/Users/wengxiaoqing/Documents/GitHub/gas-supervise/src/wxcomponents/vant/common/utils.d.ts", "TypeScript", 0, 0, 12, 0, 0, 0, 0, 0, 0, 0, 5, 1, 18
"/Users/wengxiaoqing/Documents/GitHub/gas-supervise/src/wxcomponents/vant/common/utils.js", "JavaScript", 0, 0, 0, 0, 76, 0, 0, 0, 0, 0, 0, 1, 77
"/Users/wengxiaoqing/Documents/GitHub/gas-supervise/src/wxcomponents/vant/common/validator.d.ts", "TypeScript", 0, 0, 9, 0, 0, 0, 0, 0, 0, 0, 0, 1, 10
"/Users/wengxiaoqing/Documents/GitHub/gas-supervise/src/wxcomponents/vant/common/validator.js", "JavaScript", 0, 0, 0, 0, 30, 0, 0, 0, 0, 0, 1, 1, 32
"/Users/wengxiaoqing/Documents/GitHub/gas-supervise/src/wxcomponents/vant/common/version.d.ts", "TypeScript", 0, 0, 8, 0, 0, 0, 0, 0, 0, 0, 1, 1, 10
"/Users/wengxiaoqing/Documents/GitHub/gas-supervise/src/wxcomponents/vant/common/version.js", "JavaScript", 0, 0, 0, 0, 59, 0, 0, 0, 0, 0, 0, 1, 60
"/Users/wengxiaoqing/Documents/GitHub/gas-supervise/src/wxcomponents/vant/config-provider/index.d.ts", "TypeScript", 0, 0, 1, 0, 0, 0, 0, 0, 0, 0, 0, 1, 2
"/Users/wengxiaoqing/Documents/GitHub/gas-supervise/src/wxcomponents/vant/config-provider/index.js", "JavaScript", 0, 0, 0, 0, 9, 0, 0, 0, 0, 0, 0, 1, 10
"/Users/wengxiaoqing/Documents/GitHub/gas-supervise/src/wxcomponents/vant/config-provider/index.json", "JSON", 3, 0, 0, 0, 0, 0, 0, 0, 0, 0, 0, 1, 4
"/Users/wengxiaoqing/Documents/GitHub/gas-supervise/src/wxcomponents/vant/config-provider/index.wxs", "XML", 0, 0, 0, 0, 0, 0, 0, 0, 0, 24, 0, 6, 30
"/Users/wengxiaoqing/Documents/GitHub/gas-supervise/src/wxcomponents/vant/count-down/index.d.ts", "TypeScript", 0, 0, 1, 0, 0, 0, 0, 0, 0, 0, 0, 1, 2
"/Users/wengxiaoqing/Documents/GitHub/gas-supervise/src/wxcomponents/vant/count-down/index.js", "JavaScript", 0, 0, 0, 0, 97, 0, 0, 0, 0, 0, 3, 1, 101
"/Users/wengxiaoqing/Documents/GitHub/gas-supervise/src/wxcomponents/vant/count-down/index.json", "JSON", 3, 0, 0, 0, 0, 0, 0, 0, 0, 0, 0, 1, 4
"/Users/wengxiaoqing/Documents/GitHub/gas-supervise/src/wxcomponents/vant/count-down/utils.d.ts", "TypeScript", 0, 0, 10, 0, 0, 0, 0, 0, 0, 0, 0, 1, 11
"/Users/wengxiaoqing/Documents/GitHub/gas-supervise/src/wxcomponents/vant/count-down/utils.js", "JavaScript", 0, 0, 0, 0, 57, 0, 0, 0, 0, 0, 0, 1, 58
"/Users/wengxiaoqing/Documents/GitHub/gas-supervise/src/wxcomponents/vant/datetime-picker/index.d.ts", "TypeScript", 0, 0, 1, 0, 0, 0, 0, 0, 0, 0, 0, 1, 2
"/Users/wengxiaoqing/Documents/GitHub/gas-supervise/src/wxcomponents/vant/datetime-picker/index.js", "JavaScript", 0, 0, 0, 0, 292, 0, 0, 0, 0, 0, 3, 1, 296
"/Users/wengxiaoqing/Documents/GitHub/gas-supervise/src/wxcomponents/vant/datetime-picker/index.json", "JSON", 6, 0, 0, 0, 0, 0, 0, 0, 0, 0, 0, 1, 7
"/Users/wengxiaoqing/Documents/GitHub/gas-supervise/src/wxcomponents/vant/definitions/index.d.ts", "TypeScript", 0, 0, 27, 0, 0, 0, 0, 0, 0, 0, 1, 1, 29
"/Users/wengxiaoqing/Documents/GitHub/gas-supervise/src/wxcomponents/vant/definitions/index.js", "JavaScript", 0, 0, 0, 0, 1, 0, 0, 0, 0, 0, 0, 1, 2
"/Users/wengxiaoqing/Documents/GitHub/gas-supervise/src/wxcomponents/vant/dialog/dialog.d.ts", "TypeScript", 0, 0, 47, 0, 0, 0, 0, 0, 0, 0, 8, 1, 56
"/Users/wengxiaoqing/Documents/GitHub/gas-supervise/src/wxcomponents/vant/dialog/dialog.js", "JavaScript", 0, 0, 0, 0, 77, 0, 0, 0, 0, 0, 0, 1, 78
"/Users/wengxiaoqing/Documents/GitHub/gas-supervise/src/wxcomponents/vant/dialog/index.d.ts", "TypeScript", 0, 0, 1, 0, 0, 0, 0, 0, 0, 0, 0, 1, 2
"/Users/wengxiaoqing/Documents/GitHub/gas-supervise/src/wxcomponents/vant/dialog/index.js", "JavaScript", 0, 0, 0, 0, 122, 0, 0, 0, 0, 0, 0, 1, 123
"/Users/wengxiaoqing/Documents/GitHub/gas-supervise/src/wxcomponents/vant/dialog/index.json", "JSON", 9, 0, 0, 0, 0, 0, 0, 0, 0, 0, 0, 1, 10
"/Users/wengxiaoqing/Documents/GitHub/gas-supervise/src/wxcomponents/vant/divider/index.d.ts", "TypeScript", 0, 0, 1, 0, 0, 0, 0, 0, 0, 0, 0, 1, 2
"/Users/wengxiaoqing/Documents/GitHub/gas-supervise/src/wxcomponents/vant/divider/index.js", "JavaScript", 0, 0, 0, 0, 12, 0, 0, 0, 0, 0, 0, 1, 13
"/Users/wengxiaoqing/Documents/GitHub/gas-supervise/src/wxcomponents/vant/divider/index.json", "JSON", 4, 0, 0, 0, 0, 0, 0, 0, 0, 0, 0, 1, 5
"/Users/wengxiaoqing/Documents/GitHub/gas-supervise/src/wxcomponents/vant/divider/index.wxs", "XML", 0, 0, 0, 0, 0, 0, 0, 0, 0, 16, 0, 3, 19
"/Users/wengxiaoqing/Documents/GitHub/gas-supervise/src/wxcomponents/vant/dropdown-item/index.d.ts", "TypeScript", 0, 0, 1, 0, 0, 0, 0, 0, 0, 0, 0, 1, 2
"/Users/wengxiaoqing/Documents/GitHub/gas-supervise/src/wxcomponents/vant/dropdown-item/index.js", "JavaScript", 0, 0, 0, 0, 130, 0, 0, 0, 0, 0, 0, 1, 131
"/Users/wengxiaoqing/Documents/GitHub/gas-supervise/src/wxcomponents/vant/dropdown-item/index.json", "JSON", 8, 0, 0, 0, 0, 0, 0, 0, 0, 0, 0, 1, 9
"/Users/wengxiaoqing/Documents/GitHub/gas-supervise/src/wxcomponents/vant/dropdown-item/shared.d.ts", "TypeScript", 0, 0, 5, 0, 0, 0, 0, 0, 0, 0, 0, 1, 6
"/Users/wengxiaoqing/Documents/GitHub/gas-supervise/src/wxcomponents/vant/dropdown-item/shared.js", "JavaScript", 0, 0, 0, 0, 1, 0, 0, 0, 0, 0, 0, 1, 2
"/Users/wengxiaoqing/Documents/GitHub/gas-supervise/src/wxcomponents/vant/dropdown-menu/index.d.ts", "TypeScript", 0, 0, 1, 0, 0, 0, 0, 0, 0, 0, 0, 1, 2
"/Users/wengxiaoqing/Documents/GitHub/gas-supervise/src/wxcomponents/vant/dropdown-menu/index.js", "JavaScript", 0, 0, 0, 0, 117, 0, 0, 0, 0, 0, 0, 1, 118
"/Users/wengxiaoqing/Documents/GitHub/gas-supervise/src/wxcomponents/vant/dropdown-menu/index.json", "JSON", 3, 0, 0, 0, 0, 0, 0, 0, 0, 0, 0, 1, 4
"/Users/wengxiaoqing/Documents/GitHub/gas-supervise/src/wxcomponents/vant/dropdown-menu/index.wxs", "XML", 0, 0, 0, 0, 0, 0, 0, 0, 0, 14, 0, 3, 17
"/Users/wengxiaoqing/Documents/GitHub/gas-supervise/src/wxcomponents/vant/empty/index.d.ts", "TypeScript", 0, 0, 1, 0, 0, 0, 0, 0, 0, 0, 0, 1, 2
"/Users/wengxiaoqing/Documents/GitHub/gas-supervise/src/wxcomponents/vant/empty/index.js", "JavaScript", 0, 0, 0, 0, 10, 0, 0, 0, 0, 0, 0, 1, 11
"/Users/wengxiaoqing/Documents/GitHub/gas-supervise/src/wxcomponents/vant/empty/index.json", "JSON", 4, 0, 0, 0, 0, 0, 0, 0, 0, 0, 0, 1, 5
"/Users/wengxiaoqing/Documents/GitHub/gas-supervise/src/wxcomponents/vant/empty/index.wxs", "XML", 0, 0, 0, 0, 0, 0, 0, 0, 0, 11, 0, 5, 16
"/Users/wengxiaoqing/Documents/GitHub/gas-supervise/src/wxcomponents/vant/field/index.d.ts", "TypeScript", 0, 0, 1, 0, 0, 0, 0, 0, 0, 0, 0, 1, 2
"/Users/wengxiaoqing/Documents/GitHub/gas-supervise/src/wxcomponents/vant/field/index.js", "JavaScript", 0, 0, 0, 0, 123, 0, 0, 0, 0, 0, 0, 1, 124
"/Users/wengxiaoqing/Documents/GitHub/gas-supervise/src/wxcomponents/vant/field/index.json", "JSON", 7, 0, 0, 0, 0, 0, 0, 0, 0, 0, 0, 1, 8
"/Users/wengxiaoqing/Documents/GitHub/gas-supervise/src/wxcomponents/vant/field/index.wxs", "XML", 0, 0, 0, 0, 0, 0, 0, 0, 0, 15, 0, 4, 19
"/Users/wengxiaoqing/Documents/GitHub/gas-supervise/src/wxcomponents/vant/field/props.d.ts", "TypeScript", 0, 0, 3, 0, 0, 0, 0, 0, 0, 0, 1, 1, 5
"/Users/wengxiaoqing/Documents/GitHub/gas-supervise/src/wxcomponents/vant/field/props.js", "JavaScript", 0, 0, 0, 0, 64, 0, 0, 0, 0, 0, 0, 1, 65
"/Users/wengxiaoqing/Documents/GitHub/gas-supervise/src/wxcomponents/vant/field/types.d.ts", "TypeScript", 0, 0, 5, 0, 0, 0, 0, 0, 0, 0, 3, 1, 9
"/Users/wengxiaoqing/Documents/GitHub/gas-supervise/src/wxcomponents/vant/field/types.js", "JavaScript", 0, 0, 0, 0, 1, 0, 0, 0, 0, 0, 0, 1, 2
"/Users/wengxiaoqing/Documents/GitHub/gas-supervise/src/wxcomponents/vant/goods-action-button/index.d.ts", "TypeScript", 0, 0, 1, 0, 0, 0, 0, 0, 0, 0, 0, 1, 2
"/Users/wengxiaoqing/Documents/GitHub/gas-supervise/src/wxcomponents/vant/goods-action-button/index.js", "JavaScript", 0, 0, 0, 0, 40, 0, 0, 0, 0, 0, 0, 1, 41
"/Users/wengxiaoqing/Documents/GitHub/gas-supervise/src/wxcomponents/vant/goods-action-button/index.json", "JSON", 6, 0, 0, 0, 0, 0, 0, 0, 0, 0, 0, 1, 7
"/Users/wengxiaoqing/Documents/GitHub/gas-supervise/src/wxcomponents/vant/goods-action-icon/index.d.ts", "TypeScript", 0, 0, 1, 0, 0, 0, 0, 0, 0, 0, 0, 1, 2
"/Users/wengxiaoqing/Documents/GitHub/gas-supervise/src/wxcomponents/vant/goods-action-icon/index.js", "JavaScript", 0, 0, 0, 0, 26, 0, 0, 0, 0, 0, 0, 1, 27
"/Users/wengxiaoqing/Documents/GitHub/gas-supervise/src/wxcomponents/vant/goods-action-icon/index.json", "JSON", 7, 0, 0, 0, 0, 0, 0, 0, 0, 0, 0, 1, 8
"/Users/wengxiaoqing/Documents/GitHub/gas-supervise/src/wxcomponents/vant/goods-action/index.d.ts", "TypeScript", 0, 0, 1, 0, 0, 0, 0, 0, 0, 0, 0, 1, 2
"/Users/wengxiaoqing/Documents/GitHub/gas-supervise/src/wxcomponents/vant/goods-action/index.js", "JavaScript", 0, 0, 0, 0, 15, 0, 0, 0, 0, 0, 0, 1, 16
"/Users/wengxiaoqing/Documents/GitHub/gas-supervise/src/wxcomponents/vant/goods-action/index.json", "JSON", 3, 0, 0, 0, 0, 0, 0, 0, 0, 0, 0, 1, 4
"/Users/wengxiaoqing/Documents/GitHub/gas-supervise/src/wxcomponents/vant/grid-item/index.d.ts", "TypeScript", 0, 0, 1, 0, 0, 0, 0, 0, 0, 0, 0, 1, 2
"/Users/wengxiaoqing/Documents/GitHub/gas-supervise/src/wxcomponents/vant/grid-item/index.js", "JavaScript", 0, 0, 0, 0, 52, 0, 0, 0, 0, 0, 0, 1, 53
"/Users/wengxiaoqing/Documents/GitHub/gas-supervise/src/wxcomponents/vant/grid-item/index.json", "JSON", 6, 0, 0, 0, 0, 0, 0, 0, 0, 0, 0, 1, 7
"/Users/wengxiaoqing/Documents/GitHub/gas-supervise/src/wxcomponents/vant/grid-item/index.wxs", "XML", 0, 0, 0, 0, 0, 0, 0, 0, 0, 28, 0, 5, 33
"/Users/wengxiaoqing/Documents/GitHub/gas-supervise/src/wxcomponents/vant/grid/index.d.ts", "TypeScript", 0, 0, 1, 0, 0, 0, 0, 0, 0, 0, 0, 1, 2
"/Users/wengxiaoqing/Documents/GitHub/gas-supervise/src/wxcomponents/vant/grid/index.js", "JavaScript", 0, 0, 0, 0, 55, 0, 0, 0, 0, 0, 0, 1, 56
"/Users/wengxiaoqing/Documents/GitHub/gas-supervise/src/wxcomponents/vant/grid/index.json", "JSON", 3, 0, 0, 0, 0, 0, 0, 0, 0, 0, 0, 1, 4
"/Users/wengxiaoqing/Documents/GitHub/gas-supervise/src/wxcomponents/vant/grid/index.wxs", "XML", 0, 0, 0, 0, 0, 0, 0, 0, 0, 11, 0, 3, 14
"/Users/wengxiaoqing/Documents/GitHub/gas-supervise/src/wxcomponents/vant/icon/index.d.ts", "TypeScript", 0, 0, 1, 0, 0, 0, 0, 0, 0, 0, 0, 1, 2
"/Users/wengxiaoqing/Documents/GitHub/gas-supervise/src/wxcomponents/vant/icon/index.js", "JavaScript", 0, 0, 0, 0, 20, 0, 0, 0, 0, 0, 0, 1, 21
"/Users/wengxiaoqing/Documents/GitHub/gas-supervise/src/wxcomponents/vant/icon/index.json", "JSON", 6, 0, 0, 0, 0, 0, 0, 0, 0, 0, 0, 1, 7
"/Users/wengxiaoqing/Documents/GitHub/gas-supervise/src/wxcomponents/vant/icon/index.wxs", "XML", 0, 0, 0, 0, 0, 0, 0, 0, 0, 35, 0, 9, 44
"/Users/wengxiaoqing/Documents/GitHub/gas-supervise/src/wxcomponents/vant/image/index.d.ts", "TypeScript", 0, 0, 1, 0, 0, 0, 0, 0, 0, 0, 0, 1, 2
"/Users/wengxiaoqing/Documents/GitHub/gas-supervise/src/wxcomponents/vant/image/index.js", "JavaScript", 0, 0, 0, 0, 64, 0, 0, 0, 0, 0, 0, 1, 65
"/Users/wengxiaoqing/Documents/GitHub/gas-supervise/src/wxcomponents/vant/image/index.json", "JSON", 7, 0, 0, 0, 0, 0, 0, 0, 0, 0, 0, 1, 8
"/Users/wengxiaoqing/Documents/GitHub/gas-supervise/src/wxcomponents/vant/image/index.wxs", "XML", 0, 0, 0, 0, 0, 0, 0, 0, 0, 28, 0, 5, 33
"/Users/wengxiaoqing/Documents/GitHub/gas-supervise/src/wxcomponents/vant/index-anchor/index.d.ts", "TypeScript", 0, 0, 1, 0, 0, 0, 0, 0, 0, 0, 0, 1, 2
"/Users/wengxiaoqing/Documents/GitHub/gas-supervise/src/wxcomponents/vant/index-anchor/index.js", "JavaScript", 0, 0, 0, 0, 25, 0, 0, 0, 0, 0, 0, 1, 26
"/Users/wengxiaoqing/Documents/GitHub/gas-supervise/src/wxcomponents/vant/index-anchor/index.json", "JSON", 3, 0, 0, 0, 0, 0, 0, 0, 0, 0, 0, 1, 4
"/Users/wengxiaoqing/Documents/GitHub/gas-supervise/src/wxcomponents/vant/index-bar/index.d.ts", "TypeScript", 0, 0, 1, 0, 0, 0, 0, 0, 0, 0, 0, 1, 2
"/Users/wengxiaoqing/Documents/GitHub/gas-supervise/src/wxcomponents/vant/index-bar/index.js", "JavaScript", 0, 0, 0, 0, 246, 0, 0, 0, 0, 0, 0, 1, 247
"/Users/wengxiaoqing/Documents/GitHub/gas-supervise/src/wxcomponents/vant/index-bar/index.json", "JSON", 3, 0, 0, 0, 0, 0, 0, 0, 0, 0, 0, 1, 4
"/Users/wengxiaoqing/Documents/GitHub/gas-supervise/src/wxcomponents/vant/info/index.d.ts", "TypeScript", 0, 0, 1, 0, 0, 0, 0, 0, 0, 0, 0, 1, 2
"/Users/wengxiaoqing/Documents/GitHub/gas-supervise/src/wxcomponents/vant/info/index.js", "JavaScript", 0, 0, 0, 0, 8, 0, 0, 0, 0, 0, 0, 1, 9
"/Users/wengxiaoqing/Documents/GitHub/gas-supervise/src/wxcomponents/vant/info/index.json", "JSON", 3, 0, 0, 0, 0, 0, 0, 0, 0, 0, 0, 1, 4
"/Users/wengxiaoqing/Documents/GitHub/gas-supervise/src/wxcomponents/vant/loading/index.d.ts", "TypeScript", 0, 0, 1, 0, 0, 0, 0, 0, 0, 0, 0, 1, 2
"/Users/wengxiaoqing/Documents/GitHub/gas-supervise/src/wxcomponents/vant/loading/index.js", "JavaScript", 0, 0, 0, 0, 16, 0, 0, 0, 0, 0, 0, 1, 17
"/Users/wengxiaoqing/Documents/GitHub/gas-supervise/src/wxcomponents/vant/loading/index.json", "JSON", 3, 0, 0, 0, 0, 0, 0, 0, 0, 0, 0, 1, 4
"/Users/wengxiaoqing/Documents/GitHub/gas-supervise/src/wxcomponents/vant/loading/index.wxs", "XML", 0, 0, 0, 0, 0, 0, 0, 0, 0, 19, 0, 4, 23
"/Users/wengxiaoqing/Documents/GitHub/gas-supervise/src/wxcomponents/vant/mixins/basic.d.ts", "TypeScript", 0, 0, 1, 0, 0, 0, 0, 0, 0, 0, 0, 1, 2
"/Users/wengxiaoqing/Documents/GitHub/gas-supervise/src/wxcomponents/vant/mixins/basic.js", "JavaScript", 0, 0, 0, 0, 11, 0, 0, 0, 0, 0, 0, 1, 12
"/Users/wengxiaoqing/Documents/GitHub/gas-supervise/src/wxcomponents/vant/mixins/button.d.ts", "TypeScript", 0, 0, 1, 0, 0, 0, 0, 0, 0, 0, 0, 1, 2
"/Users/wengxiaoqing/Documents/GitHub/gas-supervise/src/wxcomponents/vant/mixins/button.js", "JavaScript", 0, 0, 0, 0, 44, 0, 0, 0, 0, 0, 0, 1, 45
"/Users/wengxiaoqing/Documents/GitHub/gas-supervise/src/wxcomponents/vant/mixins/link.d.ts", "TypeScript", 0, 0, 1, 0, 0, 0, 0, 0, 0, 0, 0, 1, 2
"/Users/wengxiaoqing/Documents/GitHub/gas-supervise/src/wxcomponents/vant/mixins/link.js", "JavaScript", 0, 0, 0, 0, 23, 0, 0, 0, 0, 0, 0, 1, 24
"/Users/wengxiaoqing/Documents/GitHub/gas-supervise/src/wxcomponents/vant/mixins/page-scroll.d.ts", "TypeScript", 0, 0, 4, 0, 0, 0, 0, 0, 0, 0, 2, 1, 7
"/Users/wengxiaoqing/Documents/GitHub/gas-supervise/src/wxcomponents/vant/mixins/page-scroll.js", "JavaScript", 0, 0, 0, 0, 41, 0, 0, 0, 0, 0, 1, 1, 43
"/Users/wengxiaoqing/Documents/GitHub/gas-supervise/src/wxcomponents/vant/mixins/touch.d.ts", "TypeScript", 0, 0, 1, 0, 0, 0, 0, 0, 0, 0, 0, 1, 2
"/Users/wengxiaoqing/Documents/GitHub/gas-supervise/src/wxcomponents/vant/mixins/touch.js", "JavaScript", 0, 0, 0, 0, 36, 0, 0, 0, 0, 0, 1, 1, 38
"/Users/wengxiaoqing/Documents/GitHub/gas-supervise/src/wxcomponents/vant/mixins/transition.d.ts", "TypeScript", 0, 0, 1, 0, 0, 0, 0, 0, 0, 0, 0, 1, 2
"/Users/wengxiaoqing/Documents/GitHub/gas-supervise/src/wxcomponents/vant/mixins/transition.js", "JavaScript", 0, 0, 0, 0, 115, 0, 0, 0, 0, 0, 3, 1, 119
"/Users/wengxiaoqing/Documents/GitHub/gas-supervise/src/wxcomponents/vant/nav-bar/index.d.ts", "TypeScript", 0, 0, 1, 0, 0, 0, 0, 0, 0, 0, 0, 1, 2
"/Users/wengxiaoqing/Documents/GitHub/gas-supervise/src/wxcomponents/vant/nav-bar/index.js", "JavaScript", 0, 0, 0, 0, 65, 0, 0, 0, 0, 0, 0, 1, 66
"/Users/wengxiaoqing/Documents/GitHub/gas-supervise/src/wxcomponents/vant/nav-bar/index.json", "JSON", 6, 0, 0, 0, 0, 0, 0, 0, 0, 0, 0, 1, 7
"/Users/wengxiaoqing/Documents/GitHub/gas-supervise/src/wxcomponents/vant/nav-bar/index.wxs", "XML", 0, 0, 0, 0, 0, 0, 0, 0, 0, 11, 0, 3, 14
"/Users/wengxiaoqing/Documents/GitHub/gas-supervise/src/wxcomponents/vant/notice-bar/index.d.ts", "TypeScript", 0, 0, 1, 0, 0, 0, 0, 0, 0, 0, 0, 1, 2
"/Users/wengxiaoqing/Documents/GitHub/gas-supervise/src/wxcomponents/vant/notice-bar/index.js", "JavaScript", 0, 0, 0, 0, 120, 0, 0, 0, 0, 0, 0, 1, 121
"/Users/wengxiaoqing/Documents/GitHub/gas-supervise/src/wxcomponents/vant/notice-bar/index.json", "JSON", 6, 0, 0, 0, 0, 0, 0, 0, 0, 0, 0, 1, 7
"/Users/wengxiaoqing/Documents/GitHub/gas-supervise/src/wxcomponents/vant/notice-bar/index.wxs", "XML", 0, 0, 0, 0, 0, 0, 0, 0, 0, 13, 0, 3, 16
"/Users/wengxiaoqing/Documents/GitHub/gas-supervise/src/wxcomponents/vant/notify/index.d.ts", "TypeScript", 0, 0, 1, 0, 0, 0, 0, 0, 0, 0, 0, 1, 2
"/Users/wengxiaoqing/Documents/GitHub/gas-supervise/src/wxcomponents/vant/notify/index.js", "JavaScript", 0, 0, 0, 0, 65, 0, 0, 0, 0, 0, 0, 1, 66
"/Users/wengxiaoqing/Documents/GitHub/gas-supervise/src/wxcomponents/vant/notify/index.json", "JSON", 6, 0, 0, 0, 0, 0, 0, 0, 0, 0, 0, 1, 7
"/Users/wengxiaoqing/Documents/GitHub/gas-supervise/src/wxcomponents/vant/notify/index.wxs", "XML", 0, 0, 0, 0, 0, 0, 0, 0, 0, 19, 0, 4, 23
"/Users/wengxiaoqing/Documents/GitHub/gas-supervise/src/wxcomponents/vant/notify/notify.d.ts", "TypeScript", 0, 0, 22, 0, 0, 0, 0, 0, 0, 0, 0, 1, 23
"/Users/wengxiaoqing/Documents/GitHub/gas-supervise/src/wxcomponents/vant/notify/notify.js", "JavaScript", 0, 0, 0, 0, 53, 0, 0, 0, 0, 0, 0, 1, 54
"/Users/wengxiaoqing/Documents/GitHub/gas-supervise/src/wxcomponents/vant/overlay/index.d.ts", "TypeScript", 0, 0, 1, 0, 0, 0, 0, 0, 0, 0, 0, 1, 2
"/Users/wengxiaoqing/Documents/GitHub/gas-supervise/src/wxcomponents/vant/overlay/index.js", "JavaScript", 0, 0, 0, 0, 29, 0, 0, 0, 0, 0, 1, 1, 31
"/Users/wengxiaoqing/Documents/GitHub/gas-supervise/src/wxcomponents/vant/overlay/index.json", "JSON", 6, 0, 0, 0, 0, 0, 0, 0, 0, 0, 0, 1, 7
"/Users/wengxiaoqing/Documents/GitHub/gas-supervise/src/wxcomponents/vant/panel/index.d.ts", "TypeScript", 0, 0, 1, 0, 0, 0, 0, 0, 0, 0, 0, 1, 2
"/Users/wengxiaoqing/Documents/GitHub/gas-supervise/src/wxcomponents/vant/panel/index.js", "JavaScript", 0, 0, 0, 0, 9, 0, 0, 0, 0, 0, 0, 1, 10
"/Users/wengxiaoqing/Documents/GitHub/gas-supervise/src/wxcomponents/vant/panel/index.json", "JSON", 6, 0, 0, 0, 0, 0, 0, 0, 0, 0, 0, 1, 7
"/Users/wengxiaoqing/Documents/GitHub/gas-supervise/src/wxcomponents/vant/picker-column/index.d.ts", "TypeScript", 0, 0, 1, 0, 0, 0, 0, 0, 0, 0, 0, 1, 2
"/Users/wengxiaoqing/Documents/GitHub/gas-supervise/src/wxcomponents/vant/picker-column/index.js", "JavaScript", 0, 0, 0, 0, 118, 0, 0, 0, 0, 0, 0, 1, 119
"/Users/wengxiaoqing/Documents/GitHub/gas-supervise/src/wxcomponents/vant/picker-column/index.json", "JSON", 3, 0, 0, 0, 0, 0, 0, 0, 0, 0, 0, 1, 4
"/Users/wengxiaoqing/Documents/GitHub/gas-supervise/src/wxcomponents/vant/picker-column/index.wxs", "XML", 0, 0, 0, 0, 0, 0, 0, 0, 0, 30, 0, 7, 37
"/Users/wengxiaoqing/Documents/GitHub/gas-supervise/src/wxcomponents/vant/picker/index.d.ts", "TypeScript", 0, 0, 1, 0, 0, 0, 0, 0, 0, 0, 0, 1, 2
"/Users/wengxiaoqing/Documents/GitHub/gas-supervise/src/wxcomponents/vant/picker/index.js", "JavaScript", 0, 0, 0, 0, 125, 0, 0, 0, 0, 0, 11, 1, 137
"/Users/wengxiaoqing/Documents/GitHub/gas-supervise/src/wxcomponents/vant/picker/index.json", "JSON", 7, 0, 0, 0, 0, 0, 0, 0, 0, 0, 0, 1, 8
"/Users/wengxiaoqing/Documents/GitHub/gas-supervise/src/wxcomponents/vant/picker/index.wxs", "XML", 0, 0, 0, 0, 0, 0, 0, 0, 0, 35, 0, 8, 43
"/Users/wengxiaoqing/Documents/GitHub/gas-supervise/src/wxcomponents/vant/picker/shared.d.ts", "TypeScript", 0, 0, 21, 0, 0, 0, 0, 0, 0, 0, 0, 1, 22
"/Users/wengxiaoqing/Documents/GitHub/gas-supervise/src/wxcomponents/vant/picker/shared.js", "JavaScript", 0, 0, 0, 0, 21, 0, 0, 0, 0, 0, 0, 1, 22
"/Users/wengxiaoqing/Documents/GitHub/gas-supervise/src/wxcomponents/vant/popup/index.d.ts", "TypeScript", 0, 0, 1, 0, 0, 0, 0, 0, 0, 0, 0, 1, 2
"/Users/wengxiaoqing/Documents/GitHub/gas-supervise/src/wxcomponents/vant/popup/index.js", "JavaScript", 0, 0, 0, 0, 97, 0, 0, 0, 0, 0, 0, 1, 98
"/Users/wengxiaoqing/Documents/GitHub/gas-supervise/src/wxcomponents/vant/popup/index.json", "JSON", 7, 0, 0, 0, 0, 0, 0, 0, 0, 0, 0, 1, 8
"/Users/wengxiaoqing/Documents/GitHub/gas-supervise/src/wxcomponents/vant/popup/index.wxs", "XML", 0, 0, 0, 0, 0, 0, 0, 0, 0, 16, 0, 3, 19
"/Users/wengxiaoqing/Documents/GitHub/gas-supervise/src/wxcomponents/vant/progress/index.d.ts", "TypeScript", 0, 0, 1, 0, 0, 0, 0, 0, 0, 0, 0, 1, 2
"/Users/wengxiaoqing/Documents/GitHub/gas-supervise/src/wxcomponents/vant/progress/index.js", "JavaScript", 0, 0, 0, 0, 51, 0, 0, 0, 0, 0, 0, 1, 52
"/Users/wengxiaoqing/Documents/GitHub/gas-supervise/src/wxcomponents/vant/progress/index.json", "JSON", 3, 0, 0, 0, 0, 0, 0, 0, 0, 0, 0, 1, 4
"/Users/wengxiaoqing/Documents/GitHub/gas-supervise/src/wxcomponents/vant/progress/index.wxs", "XML", 0, 0, 0, 0, 0, 0, 0, 0, 0, 31, 0, 6, 37
"/Users/wengxiaoqing/Documents/GitHub/gas-supervise/src/wxcomponents/vant/radio-group/index.d.ts", "TypeScript", 0, 0, 1, 0, 0, 0, 0, 0, 0, 0, 0, 1, 2
"/Users/wengxiaoqing/Documents/GitHub/gas-supervise/src/wxcomponents/vant/radio-group/index.js", "JavaScript", 0, 0, 0, 0, 22, 0, 0, 0, 0, 0, 0, 1, 23
"/Users/wengxiaoqing/Documents/GitHub/gas-supervise/src/wxcomponents/vant/radio-group/index.json", "JSON", 3, 0, 0, 0, 0, 0, 0, 0, 0, 0, 0, 1, 4
"/Users/wengxiaoqing/Documents/GitHub/gas-supervise/src/wxcomponents/vant/radio/index.d.ts", "TypeScript", 0, 0, 1, 0, 0, 0, 0, 0, 0, 0, 0, 1, 2
"/Users/wengxiaoqing/Documents/GitHub/gas-supervise/src/wxcomponents/vant/radio/index.js", "JavaScript", 0, 0, 0, 0, 66, 0, 0, 0, 0, 0, 0, 1, 67
"/Users/wengxiaoqing/Documents/GitHub/gas-supervise/src/wxcomponents/vant/radio/index.json", "JSON", 6, 0, 0, 0, 0, 0, 0, 0, 0, 0, 0, 1, 7
"/Users/wengxiaoqing/Documents/GitHub/gas-supervise/src/wxcomponents/vant/radio/index.wxs", "XML", 0, 0, 0, 0, 0, 0, 0, 0, 0, 28, 0, 6, 34
"/Users/wengxiaoqing/Documents/GitHub/gas-supervise/src/wxcomponents/vant/rate/index.d.ts", "TypeScript", 0, 0, 1, 0, 0, 0, 0, 0, 0, 0, 0, 1, 2
"/Users/wengxiaoqing/Documents/GitHub/gas-supervise/src/wxcomponents/vant/rate/index.js", "JavaScript", 0, 0, 0, 0, 78, 0, 0, 0, 0, 0, 0, 1, 79
"/Users/wengxiaoqing/Documents/GitHub/gas-supervise/src/wxcomponents/vant/rate/index.json", "JSON", 6, 0, 0, 0, 0, 0, 0, 0, 0, 0, 0, 1, 7
"/Users/wengxiaoqing/Documents/GitHub/gas-supervise/src/wxcomponents/vant/row/index.d.ts", "TypeScript", 0, 0, 1, 0, 0, 0, 0, 0, 0, 0, 0, 1, 2
"/Users/wengxiaoqing/Documents/GitHub/gas-supervise/src/wxcomponents/vant/row/index.js", "JavaScript", 0, 0, 0, 0, 23, 0, 0, 0, 0, 0, 0, 1, 24
"/Users/wengxiaoqing/Documents/GitHub/gas-supervise/src/wxcomponents/vant/row/index.json", "JSON", 3, 0, 0, 0, 0, 0, 0, 0, 0, 0, 0, 1, 4
"/Users/wengxiaoqing/Documents/GitHub/gas-supervise/src/wxcomponents/vant/row/index.wxs", "XML", 0, 0, 0, 0, 0, 0, 0, 0, 0, 15, 0, 4, 19
"/Users/wengxiaoqing/Documents/GitHub/gas-supervise/src/wxcomponents/vant/search/index.d.ts", "TypeScript", 0, 0, 1, 0, 0, 0, 0, 0, 0, 0, 0, 1, 2
"/Users/wengxiaoqing/Documents/GitHub/gas-supervise/src/wxcomponents/vant/search/index.js", "JavaScript", 0, 0, 0, 0, 89, 0, 0, 0, 0, 0, 4, 1, 94
"/Users/wengxiaoqing/Documents/GitHub/gas-supervise/src/wxcomponents/vant/search/index.json", "JSON", 6, 0, 0, 0, 0, 0, 0, 0, 0, 0, 0, 1, 7
"/Users/wengxiaoqing/Documents/GitHub/gas-supervise/src/wxcomponents/vant/share-sheet/index.d.ts", "TypeScript", 0, 0, 1, 0, 0, 0, 0, 0, 0, 0, 0, 1, 2
"/Users/wengxiaoqing/Documents/GitHub/gas-supervise/src/wxcomponents/vant/share-sheet/index.js", "JavaScript", 0, 0, 0, 0, 52, 0, 0, 0, 0, 0, 3, 1, 56
"/Users/wengxiaoqing/Documents/GitHub/gas-supervise/src/wxcomponents/vant/share-sheet/index.json", "JSON", 7, 0, 0, 0, 0, 0, 0, 0, 0, 0, 0, 1, 8
"/Users/wengxiaoqing/Documents/GitHub/gas-supervise/src/wxcomponents/vant/share-sheet/index.wxs", "XML", 0, 0, 0, 0, 0, 0, 0, 0, 0, 10, 0, 3, 13
"/Users/wengxiaoqing/Documents/GitHub/gas-supervise/src/wxcomponents/vant/share-sheet/options.d.ts", "TypeScript", 0, 0, 1, 0, 0, 0, 0, 0, 0, 0, 0, 1, 2
"/Users/wengxiaoqing/Documents/GitHub/gas-supervise/src/wxcomponents/vant/share-sheet/options.js", "JavaScript", 0, 0, 0, 0, 14, 0, 0, 0, 0, 0, 0, 1, 15
"/Users/wengxiaoqing/Documents/GitHub/gas-supervise/src/wxcomponents/vant/share-sheet/options.json", "JSON", 3, 0, 0, 0, 0, 0, 0, 0, 0, 0, 0, 1, 4
"/Users/wengxiaoqing/Documents/GitHub/gas-supervise/src/wxcomponents/vant/share-sheet/options.wxs", "XML", 0, 0, 0, 0, 0, 0, 0, 0, 0, 11, 0, 4, 15
"/Users/wengxiaoqing/Documents/GitHub/gas-supervise/src/wxcomponents/vant/sidebar-item/index.d.ts", "TypeScript", 0, 0, 1, 0, 0, 0, 0, 0, 0, 0, 0, 1, 2
"/Users/wengxiaoqing/Documents/GitHub/gas-supervise/src/wxcomponents/vant/sidebar-item/index.js", "JavaScript", 0, 0, 0, 0, 29, 0, 0, 0, 0, 0, 0, 1, 30
"/Users/wengxiaoqing/Documents/GitHub/gas-supervise/src/wxcomponents/vant/sidebar-item/index.json", "JSON", 6, 0, 0, 0, 0, 0, 0, 0, 0, 0, 0, 1, 7
"/Users/wengxiaoqing/Documents/GitHub/gas-supervise/src/wxcomponents/vant/sidebar/index.d.ts", "TypeScript", 0, 0, 1, 0, 0, 0, 0, 0, 0, 0, 0, 1, 2
"/Users/wengxiaoqing/Documents/GitHub/gas-supervise/src/wxcomponents/vant/sidebar/index.js", "JavaScript", 0, 0, 0, 0, 34, 0, 0, 0, 0, 0, 0, 1, 35
"/Users/wengxiaoqing/Documents/GitHub/gas-supervise/src/wxcomponents/vant/sidebar/index.json", "JSON", 3, 0, 0, 0, 0, 0, 0, 0, 0, 0, 0, 1, 4
"/Users/wengxiaoqing/Documents/GitHub/gas-supervise/src/wxcomponents/vant/skeleton/index.d.ts", "TypeScript", 0, 0, 1, 0, 0, 0, 0, 0, 0, 0, 0, 1, 2
"/Users/wengxiaoqing/Documents/GitHub/gas-supervise/src/wxcomponents/vant/skeleton/index.js", "JavaScript", 0, 0, 0, 0, 46, 0, 0, 0, 0, 0, 0, 1, 47
"/Users/wengxiaoqing/Documents/GitHub/gas-supervise/src/wxcomponents/vant/skeleton/index.json", "JSON", 4, 0, 0, 0, 0, 0, 0, 0, 0, 0, 0, 1, 5
"/Users/wengxiaoqing/Documents/GitHub/gas-supervise/src/wxcomponents/vant/slider/index.d.ts", "TypeScript", 0, 0, 1, 0, 0, 0, 0, 0, 0, 0, 0, 1, 2
"/Users/wengxiaoqing/Documents/GitHub/gas-supervise/src/wxcomponents/vant/slider/index.js", "JavaScript", 0, 0, 0, 0, 200, 0, 0, 0, 0, 0, 3, 1, 204
"/Users/wengxiaoqing/Documents/GitHub/gas-supervise/src/wxcomponents/vant/slider/index.json", "JSON", 3, 0, 0, 0, 0, 0, 0, 0, 0, 0, 0, 1, 4
"/Users/wengxiaoqing/Documents/GitHub/gas-supervise/src/wxcomponents/vant/slider/index.wxs", "XML", 0, 0, 0, 0, 0, 0, 0, 0, 0, 12, 0, 3, 15
"/Users/wengxiaoqing/Documents/GitHub/gas-supervise/src/wxcomponents/vant/stepper/index.d.ts", "TypeScript", 0, 0, 1, 0, 0, 0, 0, 0, 0, 0, 0, 1, 2
"/Users/wengxiaoqing/Documents/GitHub/gas-supervise/src/wxcomponents/vant/stepper/index.js", "JavaScript", 0, 0, 0, 0, 181, 0, 0, 0, 0, 0, 7, 1, 189
"/Users/wengxiaoqing/Documents/GitHub/gas-supervise/src/wxcomponents/vant/stepper/index.json", "JSON", 3, 0, 0, 0, 0, 0, 0, 0, 0, 0, 0, 1, 4
"/Users/wengxiaoqing/Documents/GitHub/gas-supervise/src/wxcomponents/vant/stepper/index.wxs", "XML", 0, 0, 0, 0, 0, 0, 0, 0, 0, 19, 0, 4, 23
"/Users/wengxiaoqing/Documents/GitHub/gas-supervise/src/wxcomponents/vant/steps/index.d.ts", "TypeScript", 0, 0, 1, 0, 0, 0, 0, 0, 0, 0, 0, 1, 2
"/Users/wengxiaoqing/Documents/GitHub/gas-supervise/src/wxcomponents/vant/steps/index.js", "JavaScript", 0, 0, 0, 0, 33, 0, 0, 0, 0, 0, 0, 1, 34
"/Users/wengxiaoqing/Documents/GitHub/gas-supervise/src/wxcomponents/vant/steps/index.json", "JSON", 6, 0, 0, 0, 0, 0, 0, 0, 0, 0, 0, 1, 7
"/Users/wengxiaoqing/Documents/GitHub/gas-supervise/src/wxcomponents/vant/sticky/index.d.ts", "TypeScript", 0, 0, 1, 0, 0, 0, 0, 0, 0, 0, 0, 1, 2
"/Users/wengxiaoqing/Documents/GitHub/gas-supervise/src/wxcomponents/vant/sticky/index.js", "JavaScript", 0, 0, 0, 0, 118, 0, 0, 0, 0, 0, 0, 1, 119
"/Users/wengxiaoqing/Documents/GitHub/gas-supervise/src/wxcomponents/vant/sticky/index.json", "JSON", 3, 0, 0, 0, 0, 0, 0, 0, 0, 0, 0, 1, 4
"/Users/wengxiaoqing/Documents/GitHub/gas-supervise/src/wxcomponents/vant/sticky/index.wxs", "XML", 0, 0, 0, 0, 0, 0, 0, 0, 0, 22, 0, 4, 26
"/Users/wengxiaoqing/Documents/GitHub/gas-supervise/src/wxcomponents/vant/submit-bar/index.d.ts", "TypeScript", 0, 0, 1, 0, 0, 0, 0, 0, 0, 0, 0, 1, 2
"/Users/wengxiaoqing/Documents/GitHub/gas-supervise/src/wxcomponents/vant/submit-bar/index.js", "JavaScript", 0, 0, 0, 0, 56, 0, 0, 0, 0, 0, 0, 1, 57
"/Users/wengxiaoqing/Documents/GitHub/gas-supervise/src/wxcomponents/vant/submit-bar/index.json", "JSON", 7, 0, 0, 0, 0, 0, 0, 0, 0, 0, 0, 1, 8
"/Users/wengxiaoqing/Documents/GitHub/gas-supervise/src/wxcomponents/vant/swipe-cell/index.d.ts", "TypeScript", 0, 0, 1, 0, 0, 0, 0, 0, 0, 0, 0, 1, 2
"/Users/wengxiaoqing/Documents/GitHub/gas-supervise/src/wxcomponents/vant/swipe-cell/index.js", "JavaScript", 0, 0, 0, 0, 133, 0, 0, 0, 0, 0, 0, 1, 134
"/Users/wengxiaoqing/Documents/GitHub/gas-supervise/src/wxcomponents/vant/swipe-cell/index.json", "JSON", 3, 0, 0, 0, 0, 0, 0, 0, 0, 0, 0, 1, 4
"/Users/wengxiaoqing/Documents/GitHub/gas-supervise/src/wxcomponents/vant/switch/index.d.ts", "TypeScript", 0, 0, 1, 0, 0, 0, 0, 0, 0, 0, 0, 1, 2
"/Users/wengxiaoqing/Documents/GitHub/gas-supervise/src/wxcomponents/vant/switch/index.js", "JavaScript", 0, 0, 0, 0, 36, 0, 0, 0, 0, 0, 0, 1, 37
"/Users/wengxiaoqing/Documents/GitHub/gas-supervise/src/wxcomponents/vant/switch/index.json", "JSON", 6, 0, 0, 0, 0, 0, 0, 0, 0, 0, 0, 1, 7
"/Users/wengxiaoqing/Documents/GitHub/gas-supervise/src/wxcomponents/vant/switch/index.wxs", "XML", 0, 0, 0, 0, 0, 0, 0, 0, 0, 21, 0, 6, 27
"/Users/wengxiaoqing/Documents/GitHub/gas-supervise/src/wxcomponents/vant/tab/index.d.ts", "TypeScript", 0, 0, 1, 0, 0, 0, 0, 0, 0, 0, 0, 1, 2
"/Users/wengxiaoqing/Documents/GitHub/gas-supervise/src/wxcomponents/vant/tab/index.js", "JavaScript", 0, 0, 0, 0, 56, 0, 0, 0, 0, 0, 0, 1, 57
"/Users/wengxiaoqing/Documents/GitHub/gas-supervise/src/wxcomponents/vant/tab/index.json", "JSON", 3, 0, 0, 0, 0, 0, 0, 0, 0, 0, 0, 1, 4
"/Users/wengxiaoqing/Documents/GitHub/gas-supervise/src/wxcomponents/vant/tabbar-item/index.d.ts", "TypeScript", 0, 0, 1, 0, 0, 0, 0, 0, 0, 0, 0, 1, 2
"/Users/wengxiaoqing/Documents/GitHub/gas-supervise/src/wxcomponents/vant/tabbar-item/index.js", "JavaScript", 0, 0, 0, 0, 68, 0, 0, 0, 0, 0, 0, 1, 69
"/Users/wengxiaoqing/Documents/GitHub/gas-supervise/src/wxcomponents/vant/tabbar-item/index.json", "JSON", 7, 0, 0, 0, 0, 0, 0, 0, 0, 0, 0, 1, 8
"/Users/wengxiaoqing/Documents/GitHub/gas-supervise/src/wxcomponents/vant/tabbar/index.d.ts", "TypeScript", 0, 0, 1, 0, 0, 0, 0, 0, 0, 0, 0, 1, 2
"/Users/wengxiaoqing/Documents/GitHub/gas-supervise/src/wxcomponents/vant/tabbar/index.js", "JavaScript", 0, 0, 0, 0, 65, 0, 0, 0, 0, 0, 0, 1, 66
"/Users/wengxiaoqing/Documents/GitHub/gas-supervise/src/wxcomponents/vant/tabbar/index.json", "JSON", 3, 0, 0, 0, 0, 0, 0, 0, 0, 0, 0, 1, 4
"/Users/wengxiaoqing/Documents/GitHub/gas-supervise/src/wxcomponents/vant/tabs/index.d.ts", "TypeScript", 0, 0, 1, 0, 0, 0, 0, 0, 0, 0, 0, 1, 2
"/Users/wengxiaoqing/Documents/GitHub/gas-supervise/src/wxcomponents/vant/tabs/index.js", "JavaScript", 0, 0, 0, 0, 298, 0, 0, 0, 0, 0, 4, 1, 303
"/Users/wengxiaoqing/Documents/GitHub/gas-supervise/src/wxcomponents/vant/tabs/index.json", "JSON", 7, 0, 0, 0, 0, 0, 0, 0, 0, 0, 0, 1, 8
"/Users/wengxiaoqing/Documents/GitHub/gas-supervise/src/wxcomponents/vant/tabs/index.wxs", "XML", 0, 0, 0, 0, 0, 0, 0, 0, 0, 70, 0, 14, 84
"/Users/wengxiaoqing/Documents/GitHub/gas-supervise/src/wxcomponents/vant/tag/index.d.ts", "TypeScript", 0, 0, 1, 0, 0, 0, 0, 0, 0, 0, 0, 1, 2
"/Users/wengxiaoqing/Documents/GitHub/gas-supervise/src/wxcomponents/vant/tag/index.js", "JavaScript", 0, 0, 0, 0, 21, 0, 0, 0, 0, 0, 0, 1, 22
"/Users/wengxiaoqing/Documents/GitHub/gas-supervise/src/wxcomponents/vant/tag/index.json", "JSON", 6, 0, 0, 0, 0, 0, 0, 0, 0, 0, 0, 1, 7
"/Users/wengxiaoqing/Documents/GitHub/gas-supervise/src/wxcomponents/vant/tag/index.wxs", "XML", 0, 0, 0, 0, 0, 0, 0, 0, 0, 11, 0, 3, 14
"/Users/wengxiaoqing/Documents/GitHub/gas-supervise/src/wxcomponents/vant/toast/index.d.ts", "TypeScript", 0, 0, 1, 0, 0, 0, 0, 0, 0, 0, 0, 1, 2
"/Users/wengxiaoqing/Documents/GitHub/gas-supervise/src/wxcomponents/vant/toast/index.js", "JavaScript", 0, 0, 0, 0, 28, 0, 0, 0, 0, 0, 1, 1, 30
"/Users/wengxiaoqing/Documents/GitHub/gas-supervise/src/wxcomponents/vant/toast/index.json", "JSON", 9, 0, 0, 0, 0, 0, 0, 0, 0, 0, 0, 1, 10
"/Users/wengxiaoqing/Documents/GitHub/gas-supervise/src/wxcomponents/vant/toast/toast.d.ts", "TypeScript", 0, 0, 26, 0, 0, 0, 0, 0, 0, 0, 2, 1, 29
"/Users/wengxiaoqing/Documents/GitHub/gas-supervise/src/wxcomponents/vant/toast/toast.js", "JavaScript", 0, 0, 0, 0, 68, 0, 0, 0, 0, 0, 0, 1, 69
"/Users/wengxiaoqing/Documents/GitHub/gas-supervise/src/wxcomponents/vant/transition/index.d.ts", "TypeScript", 0, 0, 1, 0, 0, 0, 0, 0, 0, 0, 0, 1, 2
"/Users/wengxiaoqing/Documents/GitHub/gas-supervise/src/wxcomponents/vant/transition/index.js", "JavaScript", 0, 0, 0, 0, 13, 0, 0, 0, 0, 0, 0, 1, 14
"/Users/wengxiaoqing/Documents/GitHub/gas-supervise/src/wxcomponents/vant/transition/index.json", "JSON", 3, 0, 0, 0, 0, 0, 0, 0, 0, 0, 0, 1, 4
"/Users/wengxiaoqing/Documents/GitHub/gas-supervise/src/wxcomponents/vant/transition/index.wxs", "XML", 0, 0, 0, 0, 0, 0, 0, 0, 0, 15, 0, 3, 18
"/Users/wengxiaoqing/Documents/GitHub/gas-supervise/src/wxcomponents/vant/tree-select/index.d.ts", "TypeScript", 0, 0, 1, 0, 0, 0, 0, 0, 0, 0, 0, 1, 2
"/Users/wengxiaoqing/Documents/GitHub/gas-supervise/src/wxcomponents/vant/tree-select/index.js", "JavaScript", 0, 0, 0, 0, 63, 0, 0, 0, 0, 0, 5, 1, 69
"/Users/wengxiaoqing/Documents/GitHub/gas-supervise/src/wxcomponents/vant/tree-select/index.json", "JSON", 8, 0, 0, 0, 0, 0, 0, 0, 0, 0, 0, 1, 9
"/Users/wengxiaoqing/Documents/GitHub/gas-supervise/src/wxcomponents/vant/tree-select/index.wxs", "XML", 0, 0, 0, 0, 0, 0, 0, 0, 0, 9, 0, 4, 13
"/Users/wengxiaoqing/Documents/GitHub/gas-supervise/src/wxcomponents/vant/uploader/index.d.ts", "TypeScript", 0, 0, 1, 0, 0, 0, 0, 0, 0, 0, 0, 1, 2
"/Users/wengxiaoqing/Documents/GitHub/gas-supervise/src/wxcomponents/vant/uploader/index.js", "JavaScript", 0, 0, 0, 0, 165, 0, 0, 0, 0, 0, 0, 1, 166
"/Users/wengxiaoqing/Documents/GitHub/gas-supervise/src/wxcomponents/vant/uploader/index.json", "JSON", 7, 0, 0, 0, 0, 0, 0, 0, 0, 0, 0, 1, 8
"/Users/wengxiaoqing/Documents/GitHub/gas-supervise/src/wxcomponents/vant/uploader/index.wxs", "XML", 0, 0, 0, 0, 0, 0, 0, 0, 0, 15, 0, 3, 18
"/Users/wengxiaoqing/Documents/GitHub/gas-supervise/src/wxcomponents/vant/uploader/shared.d.ts", "TypeScript", 0, 0, 53, 0, 0, 0, 0, 0, 0, 0, 0, 1, 54
"/Users/wengxiaoqing/Documents/GitHub/gas-supervise/src/wxcomponents/vant/uploader/shared.js", "JavaScript", 0, 0, 0, 0, 53, 0, 0, 0, 0, 0, 4, 1, 58
"/Users/wengxiaoqing/Documents/GitHub/gas-supervise/src/wxcomponents/vant/uploader/utils.d.ts", "TypeScript", 0, 0, 24, 0, 0, 0, 0, 0, 0, 0, 0, 1, 25
"/Users/wengxiaoqing/Documents/GitHub/gas-supervise/src/wxcomponents/vant/uploader/utils.js", "JavaScript", 0, 0, 0, 0, 83, 0, 0, 0, 0, 0, 0, 1, 84
"/Users/wengxiaoqing/Documents/GitHub/gas-supervise/src/wxcomponents/vant/wxs/add-unit.wxs", "XML", 0, 0, 0, 0, 0, 0, 0, 0, 0, 9, 0, 4, 13
"/Users/wengxiaoqing/Documents/GitHub/gas-supervise/src/wxcomponents/vant/wxs/array.wxs", "XML", 0, 0, 0, 0, 0, 0, 0, 0, 0, 4, 0, 2, 6
"/Users/wengxiaoqing/Documents/GitHub/gas-supervise/src/wxcomponents/vant/wxs/bem.wxs", "XML", 0, 0, 0, 0, 0, 0, 0, 0, 0, 34, 0, 6, 40
"/Users/wengxiaoqing/Documents/GitHub/gas-supervise/src/wxcomponents/vant/wxs/memoize.wxs", "XML", 0, 0, 0, 0, 0, 0, 0, 0, 0, 46, 0, 10, 56
"/Users/wengxiaoqing/Documents/GitHub/gas-supervise/src/wxcomponents/vant/wxs/object.wxs", "XML", 0, 0, 0, 0, 0, 0, 0, 0, 0, 11, 0, 3, 14
"/Users/wengxiaoqing/Documents/GitHub/gas-supervise/src/wxcomponents/vant/wxs/style.wxs", "XML", 0, 0, 0, 0, 0, 0, 0, 0, 0, 36, 0, 7, 43
"/Users/wengxiaoqing/Documents/GitHub/gas-supervise/src/wxcomponents/vant/wxs/utils.wxs", "XML", 0, 0, 0, 0, 0, 0, 0, 0, 0, 9, 0, 2, 11
"/Users/wengxiaoqing/Documents/GitHub/gas-supervise/tsconfig.json", "JSON with Comments", 0, 0, 0, 0, 0, 15, 0, 0, 0, 0, 6, 1, 22
"/Users/wengxiaoqing/Documents/GitHub/gas-supervise/typings/auto-imports.d.ts", "TypeScript", 0, 0, 82, 0, 0, 0, 0, 0, 0, 0, 6, 1, 89
"/Users/wengxiaoqing/Documents/GitHub/gas-supervise/vite.config.ts", "TypeScript", 0, 0, 25, 0, 0, 0, 0, 0, 0, 0, 1, 2, 28
"Total", "-", 654, 2062, 1176, 57, 7907, 15, 8, 18, 5788, 973, 536, 1764, 20958